<?xml version="1.0" encoding="UTF-8" ?>
<!DOCTYPE mapper
        PUBLIC "-//mybatis.org//DTD Mapper 3.0//EN"
        "http://mybatis.org/dtd/mybatis-3-mapper.dtd">
<mapper namespace="com.ssafy.edu.vue">
	<select id="findAllBoards" resultType="com.ssafy.edu.vue.dto.BoardDto">
		SELECT SEQ, TITLE, CONTENT, WRITER, WDATE FROM BOARD_TB ORDER BY SEQ DESC
	</select>

	<insert id="writeBoard" parameterType="com.ssafy.edu.vue.dto.BoardDto">
		INSERT INTO BOARD_TB(TITLE, CONTENT, WRITER, WDATE) VALUES(#{title}, #{content}, #{writer}, SYSDATE())
	</insert>
	
	<select resultType="java.lang.Integer" id="findAfterAdd">
		SELECT MAX(SEQ) FROM BOARD_TB 
	</select>
	
	<select id="findBoardBySeq" parameterType="java.lang.Integer" resultType="com.ssafy.edu.vue.dto.BoardDto">
		SELECT SEQ, TITLE, CONTENT, WRITER, WDATE FROM BOARD_TB WHERE SEQ=#{seq}
	</select>
	
	<delete id="deleteBoard" parameterType="java.lang.Integer">
		DELETE FROM BOARD_TB WHERE SEQ=#{seq}
	</delete>
	
	<update id="updateBoard" parameterType="com.ssafy.edu.vue.dto.BoardDto">
		UPDATE BOARD_TB SET TITLE=#{title}, CONTENT=#{content}, WRITER=#{writer}, WDATE=SYSDATE()
		WHERE SEQ=#{seq}
	</update>
	
	<select id="searchBoard" parameterType="java.util.HashMap" resultType="com.ssafy.edu.vue.dto.BoardDto">
		SELECT SEQ, TITLE, CONTENT, WRITER, WDATE FROM BOARD_TB WHERE 1=1
		<if test="key == 'title'"> AND TITLE LIKE CONCAT('%', #{value}, '%') </if>
		<if test="key == 'content'"> AND CONTENT LIKE CONCAT('%', #{value}, '%') </if> 
		<if test="key == 'writer'"> AND WRITER LIKE CONCAT('%', #{value}, '%') </if>
		<if test="key == 'titlecontent'"> AND TITLE LIKE CONCAT('%', #{value}, '%') OR CONTENT LIKE CONCAT('%', #{value}, '%') </if>
		ORDER BY SEQ
	</select>
</mapper>
